login,password
loaduser1,user
loaduser2,user
loaduser3,user
loaduser4,user
loaduser5,user
loaduser6,user
loaduser7,user
loaduser8,user
loaduser9,user
loaduser10,user
loaduser11,user
loaduser12,user
loaduser13,user
loaduser14,user
loaduser15,user
loaduser16,user
loaduser17,user
loaduser18,user
loaduser19,user
loaduser20,user
loaduser21,user
loaduser22,user
loaduser23,user
loaduser24,user
loaduser25,user
loaduser26,user
loaduser27,user
loaduser28,user
loaduser29,user
loaduser30,user
loaduser31,user
loaduser32,user
loaduser33,user
loaduser34,user
loaduser35,user
loaduser36,user
loaduser37,user
loaduser38,user
loaduser39,user
loaduser40,user
loaduser41,user
loaduser42,user
loaduser43,user
loaduser44,user
loaduser45,user
loaduser46,user
loaduser47,user
loaduser48,user
loaduser49,user
loaduser50,user
loaduser51,user
loaduser52,user
loaduser53,user
loaduser54,user
loaduser55,user
loaduser56,user
loaduser57,user
loaduser58,user
loaduser59,user
loaduser60,user
loaduser61,user
loaduser62,user
loaduser63,user
loaduser64,user
loaduser65,user
loaduser66,user
loaduser67,user
loaduser68,user
loaduser69,user
loaduser70,user
loaduser71,user
loaduser72,user
loaduser73,user
loaduser74,user
loaduser75,user
loaduser76,user
loaduser77,user
loaduser78,user
loaduser79,user
loaduser80,user
loaduser81,user
loaduser82,user
loaduser83,user
loaduser84,user
loaduser85,user
loaduser86,user
loaduser87,user
loaduser88,user
loaduser89,user
loaduser90,user
loaduser91,user
loaduser92,user
loaduser93,user
loaduser94,user
loaduser95,user
loaduser96,user
loaduser97,user
loaduser98,user
loaduser99,user
loaduser100,user
loaduser101,user
loaduser102,user
loaduser103,user
loaduser104,user
loaduser105,user
loaduser106,user
loaduser107,user
loaduser108,user
loaduser109,user
loaduser110,user
loaduser111,user
loaduser112,user
loaduser113,user
loaduser114,user
loaduser115,user
loaduser116,user
loaduser117,user
loaduser118,user
loaduser119,user
loaduser120,user
loaduser121,user
loaduser122,user
loaduser123,user
loaduser124,user
loaduser125,user
loaduser126,user
loaduser127,user
loaduser128,user
loaduser129,user
loaduser130,user
loaduser131,user
loaduser132,user
loaduser133,user
loaduser134,user
loaduser135,user
loaduser136,user
loaduser137,user
loaduser138,user
loaduser139,user
loaduser140,user
loaduser141,user
loaduser142,user
loaduser143,user
loaduser144,user
loaduser145,user
loaduser146,user
loaduser147,user
loaduser148,user
loaduser149,user
loaduser150,user
loaduser151,user
loaduser152,user
loaduser153,user
loaduser154,user
loaduser155,user
loaduser156,user
loaduser157,user
loaduser158,user
loaduser159,user
loaduser160,user
loaduser161,user
loaduser162,user
loaduser163,user
loaduser164,user
loaduser165,user
loaduser166,user
loaduser167,user
loaduser168,user
loaduser169,user
loaduser170,user
loaduser171,user
loaduser172,user
loaduser173,user
loaduser174,user
loaduser175,user
loaduser176,user
loaduser177,user
loaduser178,user
loaduser179,user
loaduser180,user
loaduser181,user
loaduser182,user
loaduser183,user
loaduser184,user
loaduser185,user
loaduser186,user
loaduser187,user
loaduser188,user
loaduser189,user
loaduser190,user
loaduser191,user
loaduser192,user
loaduser193,user
loaduser194,user
loaduser195,user
loaduser196,user
loaduser197,user
loaduser198,user
loaduser199,user
loaduser200,user
loaduser201,user
loaduser202,user
loaduser203,user
loaduser204,user
loaduser205,user
loaduser206,user
loaduser207,user
loaduser208,user
loaduser209,user
loaduser210,user
loaduser211,user
loaduser212,user
loaduser213,user
loaduser214,user
loaduser215,user
loaduser216,user
loaduser217,user
loaduser218,user
loaduser219,user
loaduser220,user
loaduser221,user
loaduser222,user
loaduser223,user
loaduser224,user
loaduser225,user
loaduser226,user
loaduser227,user
loaduser228,user
loaduser229,user
loaduser230,user
loaduser231,user
loaduser232,user
loaduser233,user
loaduser234,user
loaduser235,user
loaduser236,user
loaduser237,user
loaduser238,user
loaduser239,user
loaduser240,user
loaduser241,user
loaduser242,user
loaduser243,user
loaduser244,user
loaduser245,user
loaduser246,user
loaduser247,user
loaduser248,user
loaduser249,user
loaduser250,user
loaduser251,user
loaduser252,user
loaduser253,user
loaduser254,user
loaduser255,user
loaduser256,user
loaduser257,user
loaduser258,user
loaduser259,user
loaduser260,user
loaduser261,user
loaduser262,user
loaduser263,user
loaduser264,user
loaduser265,user
loaduser266,user
loaduser267,user
loaduser268,user
loaduser269,user
loaduser270,user
loaduser271,user
loaduser272,user
loaduser273,user
loaduser274,user
loaduser275,user
loaduser276,user
loaduser277,user
loaduser278,user
loaduser279,user
loaduser280,user
loaduser281,user
loaduser282,user
loaduser283,user
loaduser284,user
loaduser285,user
loaduser286,user
loaduser287,user
loaduser288,user
loaduser289,user
loaduser290,user
loaduser291,user
loaduser292,user
loaduser293,user
loaduser294,user
loaduser295,user
loaduser296,user
loaduser297,user
loaduser298,user
loaduser299,user
loaduser300,user
loaduser301,user
loaduser302,user
loaduser303,user
loaduser304,user
loaduser305,user
loaduser306,user
loaduser307,user
loaduser308,user
loaduser309,user
loaduser310,user
loaduser311,user
loaduser312,user
loaduser313,user
loaduser314,user
loaduser315,user
loaduser316,user
loaduser317,user
loaduser318,user
loaduser319,user
loaduser320,user
loaduser321,user
loaduser322,user
loaduser323,user
loaduser324,user
loaduser325,user
loaduser326,user
loaduser327,user
loaduser328,user
loaduser329,user
loaduser330,user
loaduser331,user
loaduser332,user
loaduser333,user
loaduser334,user
loaduser335,user
loaduser336,user
loaduser337,user
loaduser338,user
loaduser339,user
loaduser340,user
loaduser341,user
loaduser342,user
loaduser343,user
loaduser344,user
loaduser345,user
loaduser346,user
loaduser347,user
loaduser348,user
loaduser349,user
loaduser350,user
loaduser351,user
loaduser352,user
loaduser353,user
loaduser354,user
loaduser355,user
loaduser356,user
loaduser357,user
loaduser358,user
loaduser359,user
loaduser360,user
loaduser361,user
loaduser362,user
loaduser363,user
loaduser364,user
loaduser365,user
loaduser366,user
loaduser367,user
loaduser368,user
loaduser369,user
loaduser370,user
loaduser371,user
loaduser372,user
loaduser373,user
loaduser374,user
loaduser375,user
loaduser376,user
loaduser377,user
loaduser378,user
loaduser379,user
loaduser380,user
loaduser381,user
loaduser382,user
loaduser383,user
loaduser384,user
loaduser385,user
loaduser386,user
loaduser387,user
loaduser388,user
loaduser389,user
loaduser390,user
loaduser391,user
loaduser392,user
loaduser393,user
loaduser394,user
loaduser395,user
loaduser396,user
loaduser397,user
loaduser398,user
loaduser399,user
loaduser400,user